bicep_bad1.MOV,0,51.968581901345026,47.6274676752676,46.774464410452005,47.31868088079583,50.15054857563708,45.30948905002608,43.344050563051574,35.08947193397969,20.649155649150938,23.188522693458243,27.95357595418637,29.200544755286973,30.7782751336047,29.337753212584676,30.065818359393553,29.535686611127968,23.549139805518653,19.74374009140926,19.044863646947928,18.047471079239035,17.10949101690265,20.82849562193118,25.412732930737693,25.603053170219784,26.145788805368884,31.257632158856584,36.326615003278846,35.070168315616456,33.203744331237814,36.06843544597148,27.971189893782174,24.262399968510223,28.13462065664056,38.26262570885683,43.83289943600514,49.23314054411527,53.0847657365552,53.386151594867876,52.70150474032002,52.9973081665523,53.04682351446584,54.59073093935223,55.50664167338828,56.96955553351381,56.17924512905939,58.52111412295065,58.66312558258854,58.25337418031292,53.199007807493324,50.83960002439319,48.15938258204141,44.72890371632091,43.25155402960139,44.406459173580366,41.98544052106768,41.68929799655329,39.53351609002027,33.248945642157594,33.15916608944605,27.694552676882147,25.72830759389708,20.572555803191737,18.72241255114677,18.38062704198273,17.46032038187286,16.742594820028778,16.46131882004423,15.846043325379995,16.283153864586037,17.66006473473594,18.368972233030334,18.53553885038692,18.865282782140902,19.25094630767274,20.04026975839456,20.43514841663333,21.03916505150995,22.319046683336502,22.242821041548627,25.404513104725925,33.139500903367505,34.774391118964296,34.06969486669471,33.741870427331335,33.92907364953994,34.864892754890725,37.65805911179446,42.798052827968505,40.846947683216165,37.63430987548385,,,,,,,,,,,,,,,,,,,,,,,,,,,,,,,,,,,,,,,,,,,,,,,,,,,,,,,,,,,,,,,,,,,,,,,,,,,,,,,,,,,,,,,,,,,,,,,,,,,,,,,,,,,,,,,,,,,,,,,,,,,,,,,,,,,,,,,,,,,,,,,,,,,,,,,,,,,,,,,,,,,,,,,,,,,,,,,,,,,,,,,,,,,,,,,,,,,,,,,,,,,,,,,,,,,,,,,,,,,,,,,,,,,,,,,,,,,,,,,,,,,,,,,,,,,,,,,,,,,,,,,,,,,,,,,,,,,,,,,,,,,,,,,,,,
bicep_bad2.MOV,0,52.02944798862032,54.91333602532148,63.56735815907733,66.12069350564589,64.45653546992601,63.719287533825515,63.90533368273814,66.60858246667807,65.72677589892479,64.56807260499443,63.26074859603435,64.86430583334608,65.83977290737452,75.96726052184879,77.49690896649874,85.16699426506382,85.72831384999034,85.34011378368704,82.8220220382966,85.11440235777359,82.53807197516257,76.46766803331295,76.59379264581129,60.121188293514805,64.82731924194916,97.71396236967821,98.96711141413533,103.90905287568458,105.23583606770612,100.83718177687696,103.84289071306927,77.96346286880095,68.83203628623633,76.6473293838404,79.33807524197998,71.9225252537277,70.95929210292665,74.64816076215602,79.17199438169668,84.97798811830825,92.31838023214962,98.97359771973349,100.00693647564405,105.74112192288649,106.02156510450492,110.92490718827948,113.01834693281585,114.50474472431812,116.06298441786656,116.86022281180938,114.38192265263558,112.65922965238914,107.81694610864403,110.21650226493583,111.75557996596184,109.66402359199942,113.98555865100727,113.77278495458887,111.63460097134038,118.9497503111494,119.15536847991848,120.88894672672272,120.79110064850764,118.0318670747573,118.30573243737949,116.32147275807601,116.64375784994552,110.16141115799654,108.87003313631521,112.41585656567078,113.90638483543844,101.898889344808,98.53277342048032,99.679308948689,101.57386066922892,100.91297294563468,101.29638942360508,106.518867780126,105.65708222988746,96.61207786074408,95.8848112029803,94.71904989437283,95.34020797811007,91.5407324438269,92.33312003555041,85.6092153029456,86.58755542839744,81.60656019702799,79.03094207796174,75.52894753009366,76.72415216577737,73.47113602384167,72.66719424526232,65.9566751561609,65.78860518133783,69.09512046056831,70.56481121954725,73.26136937747269,76.73430513280188,83.22277799751969,88.3831967795283,85.02470004775235,85.15997608236407,86.25336390609094,85.70170799742885,90.95275544256518,95.3612962903947,99.45341405611279,97.66034203581445,84.83788559292493,83.78731161376626,76.76665887899424,68.63792943254813,52.30601944983938,53.56168580466628,47.52041056744733,51.772556754134754,54.686369202418916,58.185052892083846,49.90384896985184,51.494532284377655,58.438798420157326,64.15818294735072,62.79590396374342,61.73092774806608,61.44760150592442,61.89119165352227,60.36198504523619,59.11862195842254,66.13990541374888,65.46549428921193,67.84958447106527,66.81112296397318,67.12779798187279,67.22999263072744,64.988710871697,65.33498174382821,65.37996906810102,63.08986413875436,60.526554820053114,66.68564576130237,56.96359053675353,53.06276156806758,53.15470618424603,54.44222944459373,55.351343571768815,57.141801502099526,53.94487654156928,50.553612127995756,41.56230374324804,43.32551935179406,43.83495113496581,42.53953456526963,45.43342516439916,46.096625058813046,45.68586253472836,42.36124243267878,42.0568015100639,42.33344269648246,43.19478269373695,43.62605175975703,46.10022218999383,46.60664866910074,46.87388926903641,46.333270971264106,43.177718531518856,42.234964962883254,,,,,,,,,,,,,,,,,,,,,,,,,,,,,,,,,,,,,,,,,,,,,,,,,,,,,,,,,,,,,,,,,,,,,,,,,,,,,,,,,,,,,,,,,,,,,,,,,,,,,,,,,,,,,,,,,,,,,,,,,,,,,,,,,,,,,,,,,,,,,,,,,,,,,,,,,,,,,,,,,,,,,,,,,,,,,,,,,,,,,,,,,,,,,,,,,,,,,,,,,,,,,,,,,,,,,
bicep_bad3.MOV,0,46.27015499250444,42.77415507050626,40.5508378378718,42.23839294958664,42.323425323526436,40.72829104410763,40.2215073551082,37.81571863306198,37.55325937196863,36.54573968045848,38.062329550524844,37.70993272406715,37.39994497880987,38.08317820258778,38.993197326348195,39.02686275416514,39.2310656015508,42.3340014612668,42.29030557559204,41.49809832314129,40.983009943802024,43.71595573469552,43.14274342290826,47.497039049007775,52.57928387627256,62.525162936179115,62.65658692820242,63.89129366791603,71.8420149635465,74.57414887553124,77.4951985308189,91.29852541782596,85.03121369693848,88.53457057952801,76.0456527292429,73.78699928879011,71.804367475219,83.4677389338506,91.87090604973025,107.72137531891423,109.06289320905245,85.00130751299459,64.02718731794083,98.13469155890404,101.4453701450346,100.59743595711576,90.51515522822557,81.6758913197636,80.29222258413965,80.61544884850638,85.81578157443192,93.9715005800199,97.8267531394585,97.75076842044595,97.5078935656612,106.75438155944352,107.86940420599421,104.91597346143807,103.75388054929009,98.14932582449572,101.27853427710666,101.26505359271714,103.31373800979956,106.70120502172843,104.56023168212138,105.73828654092334,107.5125273523949,108.57039005209359,108.1122211817847,109.21825736026493,109.82041432178337,109.78141553448594,109.63892268053813,109.40634579401986,109.15257815540123,107.2648598054892,105.44998066505734,98.48115140458226,97.11208356733363,99.37571965895208,99.9799366024396,101.72430389697483,102.53318658738257,98.62083442362227,97.03641961596936,91.31650584103133,93.89311279660937,85.35938693768648,87.19649993559707,85.4821675757113,83.36098163530899,90.5816651231616,95.69365011265496,86.92968622433911,82.64665574432928,63.16142757694137,55.2103915919259,71.61716245930491,73.43466934262118,74.51103283688191,75.74512447369771,76.96538530532334,74.85857571625401,56.912801887531955,52.44541945170814,55.779711238561035,56.548581636417005,63.537516697551226,66.98462178237328,72.18585962466754,71.02866998028989,68.82920034165488,68.06676948588391,64.9717243100709,63.22243591930416,57.78665516137357,57.11055003744031,57.390542219877275,57.451687213404256,65.1080206616672,65.865164636197,66.92125932002294,64.75949988090241,66.07753846415594,65.82078043592784,65.80662918651319,66.887167913426,74.07869405111707,78.65467839163925,65.74937692393439,63.93664965892531,58.820645565229654,52.53551337267583,47.14491954083603,49.08503374457813,49.74322965773429,46.5727119994453,43.14281305151575,38.58892611924086,39.81128295531584,38.67751528725085,37.21013148356426,39.12406603818041,36.79621355462396,36.77137854442337,36.157611846283125,36.795689272818585,32.865180437087446,35.43017139118535,33.05964574648408,31.163369130342453,33.10197156158836,34.39116051937666,35.9114030570686,35.801681365399624,36.22043986832176,35.30490920329778,34.99180938988627,35.74084383844965,35.797656667145354,39.96623089903313,39.54401084993763,47.178882068856424,47.45029512291851,42.256885111590634,40.07048576914963,39.14544411389157,40.17448333803173,42.37759740095637,44.55034609156768,49.678708683755005,52.53030530395556,59.084442501822544,58.139804064660574,71.30096457655661,82.22621384867963,90.60686571416888,98.83045047316077,98.21243418344598,93.7710204230942,85.55591811026905,85.80396306936933,93.12722758124458,82.13375377419784,80.42085640428473,93.9597162871249,97.92407724269377,98.36160215232837,100.01186769023569,99.25308820228746,95.05348517246,91.5531394328676,94.91923736077591,95.6745906242099,99.1523874071725,98.81100231386647,98.72090345940674,105.04492757012099,109.2864533905072,111.33412642673453,109.44915422112047,111.37173591490526,109.42146809557363,107.89789903978527,105.16796572542172,105.55748370319358,106.13615526564953,106.5886421726825,108.0666310719372,107.8000885008997,108.28606977351527,108.60348408677115,110.97862357143343,111.7993756863085,112.11245504457916,112.004143681935,113.12711524760617,113.48913862264739,113.36639067796324,111.90855097779665,112.19503176076435,110.11538796275693,107.66172216972652,107.24286725888793,108.74183012686302,109.84135546396863,113.76345754362718,113.23114914552528,113.09276983640092,112.20398845484792,102.16951426185346,99.74756099581471,95.34945606681178,92.42693887576861,98.24457674638623,100.21603153156404,103.51346747669913,103.53062193759357,104.49738977113071,104.615957997782,104.80113695361938,104.86845552799035,104.33897729862095,104.67203550699413,86.76102544366115,81.11601833919939,83.97204051715454,81.38865720602936,79.48261357383645,79.70510037776283,77.83936239217608,73.75231148457596,70.87325841226446,71.06318169664605,63.048207767027804,67.2280949489866,67.24402428841908,64.9783885420304,67.57140957171015,65.94570861588133,60.566576590902386,58.294552453012166,54.05523064466479,55.987197226071906,54.197378157356034,58.504657863086635,54.92523340311836,56.5788466224421,54.61189977006196,52.227609809729955,52.11110443760567,54.51516088050067,51.18447025407684,47.51966399764844,49.617504611470316,46.287446733863426,50.85157839262838,57.38787303076841,55.59300849345284,50.032670326160684,42.01437910082515,44.204810043879476,,,,,,,,,,,,,,,,,,,,,,,,,,,,,,,,,,,,,,,,,,,,,,,,,,,,,,,,,,,,,,,,,,,,,,,,,,,,,,,,,,,,,,,,,,,,,,,,,,
bicep_bad4.MOV,0,53.75432281087203,62.656287617929976,65.0012925782065,61.90490630673375,64.18199218919813,69.46273465672714,65.34345081537741,68.73544067328955,70.92368916444875,73.47933470104026,77.0948985428519,74.68815988033978,75.17903324257084,74.54131871709598,72.28622704390051,71.71573846785543,75.78597284057281,76.47481681406795,85.1071418518105,88.53567586018603,96.73852028150701,98.55141828180275,98.29866856237132,97.60572615304032,78.76289424334634,79.1590481420146,82.88194453624047,77.98117245187338,72.61901873987097,70.69052891755805,55.937029560946705,55.27870659546057,66.72555705619186,70.82665414620885,78.03189176935005,79.55374084789449,87.47657113766326,88.85653790079496,88.81959859091506,88.6466527703618,88.95018107692998,88.41165480492542,90.32898853251237,90.92451657724196,91.11840230839624,90.98346046793672,89.90228615170237,89.54638346750852,89.1567900404053,89.08607869199764,93.14546965578599,93.49661413908672,96.34427177757533,96.63769867912374,92.38217010101778,89.22110960338729,97.45607073117245,97.1250531349706,101.78049273249975,101.69906776279045,101.77189399952584,100.77901107663821,104.01128015816906,104.50789801124499,103.06901537739834,101.98863990913533,100.67078883068943,99.59008996843934,96.89255530865647,95.90467546380377,90.97410252136233,90.95439828767731,86.59135314199419,74.0899670862242,92.65725875365013,94.76520958865342,92.53820067310086,89.87786918969665,89.99262144670197,89.57972986909705,91.54702382851434,89.91294516120294,78.44493014524178,82.99525134039789,76.31656084982694,73.7095914226052,75.67492321468752,76.53069016471807,74.07490257913135,76.77964663100622,72.00547320166183,72.76868618818054,76.60723564896188,72.23399718710021,65.04994472715883,69.49256978371788,70.45883571041828,73.1908442670024,70.22323974830684,70.46965787469155,65.81953617236472,64.90768068687667,66.2698720840484,67.75561970085106,64.62291155845779,64.31624386412811,66.50021139962914,66.0722126827061,66.27531855960413,69.33781619876608,70.93896342926092,69.2358189547078,72.94300977744629,74.24319000179045,72.28150024853358,72.05312022481274,72.93869845397742,72.47350710779286,71.08476242821327,70.98124475893695,70.29367278038924,69.62225366473884,70.97704869910059,69.71075676201599,68.21319021873227,68.29685741411375,67.02708188916104,66.79795091975566,67.36521666226352,68.61574532855578,72.67510826806325,73.26245556236957,73.89422247786973,74.8097407089984,77.40032744219779,78.36253281761859,77.60509417207622,77.30665816302086,73.12386587922484,72.4877018203629,76.06140935609852,76.72470700397233,78.46838466779384,78.32931510264139,79.45359412596136,79.36112076253204,80.43689769687248,79.1957769374853,76.00629326910813,75.77850056080688,71.89328544517464,74.39555014323012,104.4470930239246,108.81632905964446,109.69517245919104,104.5991856436399,81.05882327460857,81.02904969778999,58.21201047438813,50.840746621881785,84.34940722333613,89.26019239292327,95.86941402534855,95.52683413192437,105.49524499251824,103.39262509232417,103.8119482422061,104.61761432019975,96.26852898358631,97.90735147866678,98.44604834342807,98.1119770866385,100.10747842990054,103.49413936763254,103.08238440848862,102.48368165507388,103.51922620760214,105.68258459791379,106.3511878530691,105.42940779114646,105.10977314141012,100.10201347653827,94.5927013460813,94.21977568321411,97.74779688659142,98.42520490635445,100.70081396693507,100.56136667880622,100.52459429808854,100.5121349845649,99.89997324670728,99.52312562490125,101.6431669712621,101.2852731518938,98.03682797669555,97.44975694570542,100.7138661960693,100.57579818320663,102.69109022417713,102.93797385910632,106.26974083801534,107.23501185791146,104.74965707454645,105.76935628442703,106.03796598194415,107.70696524162254,102.29510717780293,102.317206140414,100.49349841889259,99.68393485502594,93.96504874851276,92.96621083015837,87.72809833568063,88.42442326879785,87.95327671158455,84.6629450170996,72.78359441747612,73.6603169115134,68.0160103782112,69.2098872344457,70.69213674734587,71.91848731012904,71.72545276256209,72.73171082964599,73.28881656365813,74.19171387829925,73.10016648351917,73.54694807919998,78.64097445109995,79.98530980281329,78.89224986654288,79.00312599450592,78.43011509997977,78.36368293465965,80.48637418912608,80.88243593048384,75.73791411912572,75.04081677966066,74.20749319610393,73.62942639967628,72.62488112407603,71.57473620721362,73.36648225556736,72.3362571308209,71.25264633837305,70.08166443595658,69.142348017064,66.70414426973974,65.98219961001111,66.05901430465843,66.95577549295616,67.87277653751669,68.46696687166272,66.14862958544077,66.3832369982332,66.35015261737661,66.33413943627006,66.3260423140486,66.77173214098144,67.21031296427527,67.41115586585045,67.5500322563411,66.35951179001432,66.08479176931654,66.15238192192894,65.23204553711764,58.695311522897754,59.34439396265568,53.803240013828436,,,,,,,,,,,,,,,,,,,,,,,,,,,,,,,,,,,,,,,,,,,,,,,,,,,,,,,,,,,,,,,,,,,,,,,,,,,,,,,,,,,,,,,,,,,,,,,,,,,,,,,,,,,,,,,
bicep_bad5.MOV,0,58.3742729769997,59.983739935710545,61.96611156202455,62.46827605315583,62.20337896648798,63.275206274032186,59.21987286578858,57.804429136243286,53.932632062213564,55.51575003106513,58.68236536615121,54.953542627403685,47.964435448714006,52.447316323475114,49.01095229703044,48.63280364412142,49.405394074774165,54.515669427874094,56.14976811561151,49.757395093278824,46.88500969621577,45.36649264874722,46.35695359196471,61.80100262640039,58.63246943204881,57.960154373385635,59.746423745422035,59.78283982585958,53.905597842321676,67.10068875844846,66.9371939643385,64.75439595901297,72.88769869324483,71.43085640667199,64.45223145761258,64.08544325774727,64.69459570203881,65.62585172810533,64.8871716327714,65.20650107316352,66.19029061838499,66.6490884295618,66.08883124527848,57.21868116780628,55.20907943641264,51.866186586299726,62.30841795472212,61.29598025780884,63.854202664351675,52.83651094096558,50.73280160954691,56.51506744113581,59.87299742943613,55.37847070692135,53.725880270746956,53.20320767823271,,,,,,,,,,,,,,,,,,,,,,,,,,,,,,,,,,,,,,,,,,,,,,,,,,,,,,,,,,,,,,,,,,,,,,,,,,,,,,,,,,,,,,,,,,,,,,,,,,,,,,,,,,,,,,,,,,,,,,,,,,,,,,,,,,,,,,,,,,,,,,,,,,,,,,,,,,,,,,,,,,,,,,,,,,,,,,,,,,,,,,,,,,,,,,,,,,,,,,,,,,,,,,,,,,,,,,,,,,,,,,,,,,,,,,,,,,,,,,,,,,,,,,,,,,,,,,,,,,,,,,,,,,,,,,,,,,,,,,,,,,,,,,,,,,,,,,,,,,,,,,,,,,,,,,,,,,,,,,,,,,,,
bicep_bad6.MOV,0,56.66038828370521,60.58403701183775,74.15908464317884,68.5584050182461,73.20319056345133,74.46641253141216,76.72376302887214,73.10768555619758,68.89044288805775,69.70249908797226,63.17094764022315,60.43211937990997,77.984402979399,75.76628155928026,78.28091030654485,82.08817241392211,70.40258569549323,62.21818854309028,64.08954335509341,56.63595771419065,58.74468403574047,56.166283313314295,47.803515802714934,67.90854954871341,68.94349675429737,74.5370816602173,78.50460342511904,90.94288710619736,106.30780548625411,109.69341912619554,111.37778142248231,109.7674873393904,109.08829007976313,106.67320543264208,106.91400218191622,99.99695742064544,94.98259783983644,97.31199643724527,97.55220795717996,106.66135504737163,106.01947445603216,110.48915154612531,111.99140621551763,111.10565051240035,117.22558381877528,117.84395760097881,116.15912958612256,114.88961906413772,112.53544103984228,109.5146301664636,108.02511368312646,108.29171431855795,102.05146297988368,65.70023858376639,61.22559059611868,60.5059744949724,62.19401129723091,55.33787266407253,52.741050321009475,59.92549458428014,61.526986944906845,57.52438621987078,61.83317811975747,50.32541361554961,39.23891074029558,41.09080224134438,42.10124875461607,52.206439009931685,65.69274989464863,63.80323723745908,62.72720221339505,62.56363920487406,64.77285318242144,67.59569399943062,62.13076631383755,61.57819453023403,62.79730926772195,69.99043351578878,72.54372127294384,71.53861636538554,69.08833161004368,66.0048572791077,59.76559686739569,55.30452300207602,60.200542419939374,59.182270556338096,83.26527983122166,73.22347719083176,75.34856565915527,78.92593856463648,74.19720225512161,84.08938157834471,74.29054626908236,73.51471795676603,80.38801244576828,78.89051309516245,80.33972701065386,82.79924309116312,56.30156381820363,50.11532966999866,59.853069350017435,66.80002233317136,59.83729437802233,57.41078043759124,70.65817139541791,74.01978785266262,76.71044520647428,91.98416074094276,105.82343578374548,111.58285269172711,112.59365762278922,113.62927216616198,112.61992825682852,112.40168788800602,108.54961989773271,109.24725405248732,111.56310610211055,103.93599236184306,108.70994800479366,110.37447961382718,111.16821122953496,112.89939696943017,113.22290617067607,112.27008330193723,115.32148067724894,116.95123877267763,,,,,,,,,,,,,,,,,,,,,,,,,,,,,,,,,,,,,,,,,,,,,,,,,,,,,,,,,,,,,,,,,,,,,,,,,,,,,,,,,,,,,,,,,,,,,,,,,,,,,,,,,,,,,,,,,,,,,,,,,,,,,,,,,,,,,,,,,,,,,,,,,,,,,,,,,,,,,,,,,,,,,,,,,,,,,,,,,,,,,,,,,,,,,,,,,,,,,,,,,,,,,,,,,,,,,,,,,,,,,,,,,,,,,,,,,,,,,,,,,,,,,,,,,,,,,,
bicep_bad7.MOV,0,30.27121378155087,33.39048262641389,34.43254047532754,35.41342212859905,32.31214995167864,30.041359287198127,26.049324310459365,24.345741310088297,22.24012712062775,22.824279206906578,18.060660591464558,18.94822875199905,17.77998906623535,15.986161238821323,16.101071983374226,9.393371850665158,8.260123942992989,6.84594461511923,6.362639800735083,6.072041838808386,8.562259459623888,14.734938537634518,17.76580513193795,17.501542035433307,19.496007095179767,27.02689213319095,33.41028213579145,32.438823640001225,30.157705414771698,32.6301497160575,38.897264020797145,37.760163822843694,34.116506916223244,39.73625943793804,46.889357113950474,45.800639498150346,53.60038283979054,47.53948664542979,53.947629495806304,54.509726154703344,50.25428427381813,44.72842133926346,43.5530787946467,46.13347501794028,40.68757770705775,35.41813739701632,32.3554610408108,31.4303345431669,31.3920192968583,32.601002360337155,36.56813808454376,38.30878250172834,39.1618936672642,40.62897705812767,41.23494566856634,40.48890321435741,35.50844548845992,30.64828944508687,26.980437601695602,28.539072846683865,29.992486851901475,26.0823686581512,24.76946386546266,13.339530514865608,16.70959191438763,16.907451826752958,13.933297880851411,9.127520940452799,8.806040735202172,7.583746456535075,7.384525742800962,6.490299952259929,7.264295395807718,7.2648952370197675,9.301321009588115,12.758620494844319,14.815869278784481,15.979850278808302,20.80023071566167,24.984436791420194,28.039509571898005,29.48180190650009,27.594909728823783,26.454466505221713,35.41430766553185,37.89899442799876,43.621149289314076,44.847695680418056,43.855401508419725,46.787342763464416,45.260042870488306,41.646946627322514,,,,,,,,,,,,,,,,,,,,,,,,,,,,,,,,,,,,,,,,,,,,,,,,,,,,,,,,,,,,,,,,,,,,,,,,,,,,,,,,,,,,,,,,,,,,,,,,,,,,,,,,,,,,,,,,,,,,,,,,,,,,,,,,,,,,,,,,,,,,,,,,,,,,,,,,,,,,,,,,,,,,,,,,,,,,,,,,,,,,,,,,,,,,,,,,,,,,,,,,,,,,,,,,,,,,,,,,,,,,,,,,,,,,,,,,,,,,,,,,,,,,,,,,,,,,,,,,,,,,,,,,,,,,,,,,,,,,,,,,,,,,,,,,
bicep_bad8.mp4,0,57.204267516707326,47.80561839142891,52.225761166748974,49.59724082694179,55.69201117478464,53.33921649110641,51.42264847399941,51.729142377080585,48.516469353107716,50.42008636289186,49.77057626621933,51.7677254494126,48.32805540530088,49.35068344274849,42.36167345416626,38.3536140795944,52.569190324396985,74.82040812300221,79.9140351065157,96.40137340723678,100.63923260095281,101.57173139178548,102.42048408269959,107.28801044706613,108.72810807397289,110.85034233973971,110.57894125562434,113.10007933626014,112.50552055897815,112.85357602932304,111.15631428236816,110.65398025400178,110.04693278427675,110.40594543017359,107.7108097351682,103.72358011329247,102.4591243648066,98.2930976449604,94.4027051098037,93.16300697222779,90.55226592568782,78.4144489134559,69.35900727712519,57.88054600289914,67.7069412971632,66.61237251116503,75.3839187869772,58.14434079558884,43.44223204936928,43.97195757006672,39.63733856576228,43.36454268055174,48.16986780616337,51.901305394401824,58.53280071916996,62.55415157528115,68.1500150373912,68.69144354894603,67.02850337931304,66.94061304813671,63.39561046159428,59.42546013590618,57.029014382588834,54.81280310934114,57.931638520793946,58.830021922459366,55.53205793129103,63.216319430280244,57.11748265342783,53.719419260191096,52.469571421507766,51.74103407123998,49.639368591522306,52.542173709744254,57.89783178984683,59.63719753723034,55.15854049495115,56.606252840282224,58.235442369751475,61.84181454840287,62.84181815607176,61.89762674073183,63.09995200099008,59.12682943253958,57.11634552815557,58.63779661060452,59.346636575488844,60.80760117697006,60.21537507267436,57.82008654171449,56.726602980862864,54.355202780287144,62.53105621474643,62.580790413648266,59.88767958187197,59.412652249358004,58.978754189106205,61.178961865128585,64.50915217345143,63.03004852775866,69.55939873708381,70.02541261400314,67.95254559871582,64.58743443482352,70.0442300416036,71.43947137929801,89.43805577044331,100.78034348470727,107.47178594281749,110.13288695917028,108.33529545375485,111.05267100801959,108.83000869027238,107.41102913692583,109.30927601693331,108.70824600882003,109.73283282187116,109.50013780272504,109.16124998571324,108.75982581394321,107.92948374016541,107.1070199623469,106.08157475317768,105.74960407063469,102.36470389168576,97.92667856634316,92.7090260085492,91.91531179089031,88.05983753963332,88.54181695704547,81.90524893908754,78.6616508626917,76.32431148099906,71.85979689907407,67.53679206445928,71.44702601682219,56.33608133917291,61.24534739726598,50.015712768656876,48.752175553715574,50.24327797910279,50.862053133216264,51.49753235068878,55.64298284651379,52.75852745163288,59.36930572846158,59.3035765319644,59.35524731983491,60.06223646571295,62.09392596498564,61.03059328346101,61.7157451109659,43.0136924243995,42.3786136085966,48.28031682551069,49.84606819245824,59.74515280168635,61.00279063842998,58.34124699273863,46.82381766158507,45.90802055504751,43.6139758010387,49.22401688312984,51.38188237330476,56.85113362457292,56.20294779260558,60.77261669292418,56.78068397982009,56.0470124843133,55.40900454491797,58.52667994219777,57.88537266300828,59.947270712190075,62.763426805780654,61.077155465845415,60.9590469427405,57.39438909412847,55.29561069237376,55.730709233099276,60.400773122212776,57.732091766928136,53.757285303120895,60.727499543087596,60.12533658819859,61.36881361323337,60.59803710650544,62.34528106155421,75.62090091658129,69.69479210157981,75.34441469991802,67.88005139250846,79.18797872735261,55.6810502602539,71.45671809901597,89.10523009666684,89.07724974856599,100.11045591313255,101.4580822080028,101.17479120153409,102.65645068242642,107.7332754899488,106.9006798248425,107.36981218498562,105.14832437443894,104.92071935396727,103.0651118413215,102.67831794281942,101.85509258349612,103.53562161731553,107.19712518892722,105.65132190520508,105.06332018211882,106.10175344366775,106.33404968023918,105.45772970045955,95.18077639006097,93.48515490155894,89.38821471853088,78.45918243867762,75.68728860459441,74.59636066670342,77.19874943902384,79.89051905883827,80.62716484817969,63.015802858663385,58.842103558679476,57.502812128181006,54.5765268206894,55.10140351498243,53.50710363357094,51.38392593028444,52.14611767428116,61.725904492574095,64.08528295463043,63.269102197933876,69.7174869268108,69.15704317630014,66.3603992934068,64.38844840322241,64.35721354809776,52.32172354767867,54.2401873570084,54.092791551354004,53.23128809468898,54.39152706579286,57.218530567578604,58.38893546284635,59.79025645647442,60.0763391659035,59.36220092849516,60.46530980538851,58.52447415749223,58.68691430645559,57.94785704408555,,,,,,,,,,,,,,,,,,,,,,,,,,,,,,,,,,,,,,,,,,,,,,,,,,,,,,,,,,,,,,,,,,,,,,,,,,,,,,,,,,,,,,,,,,,,,,,,,,,,,,,,,,,,,,,,,,,,,,,,,,,,,,
bicep_bad9.mp4,0,67.02890616412458,41.72275877823176,35.17957752090679,32.96092580449449,35.70380414898537,28.81949650959232,24.222950953438573,22.681585726649715,24.87096550243163,19.210006730060748,19.617354947024157,17.971036284746138,32.428460959808035,21.046858546644557,19.384138762898278,20.265947762467984,7.416673625024147,13.543097359359,79.83361274493146,76.97292340540676,89.1561361134472,91.55621763524192,95.35749495187186,87.21585854807917,93.30815440999064,97.42183604291279,102.5256544386843,101.4313558291051,103.26197719198237,101.7773145736495,99.25884694064061,98.83594772190234,94.11963653205729,96.33345491329331,96.86075902099913,96.76877194304417,96.53512517397553,96.44888792053891,97.22472931167955,94.31658344349658,92.64957332116404,91.48660950977151,89.74749650201728,73.18447168836313,53.7767072200885,30.279646839700817,17.608315773622,7.866014369757516,5.714805574493362,10.255102438299039,14.53552855557572,15.521020173413286,17.316222733547857,18.659540135749182,27.313298615122186,39.623791909958946,49.08205152970849,54.605161839038374,58.49623988238383,50.326782297832935,48.256122359339194,43.454664608242176,33.00215318799684,31.927720187619443,30.187655559369883,28.00832525260004,26.133148263512037,26.96290059352189,28.180075779827078,29.085748694351196,28.247375907012298,27.680308493965093,23.634287281244262,20.94577180970691,21.17512223211137,19.841934270928114,17.49343198199144,15.589315383822923,19.23518092029471,44.74118791045219,71.5989982888719,85.21222093867087,89.04664076682405,91.16682715805733,93.55425705208144,101.20889586600805,101.55087400830823,104.07929389854559,104.98776383695468,104.00187949785902,102.27795491352698,105.40787818217896,101.53542540383658,98.90204958734184,99.61424949752124,101.4475252442696,100.36093113524818,95.50499778809036,95.6233836724329,95.5615948238289,97.02007485568463,90.84514586729173,93.15576213386255,94.33578615177785,91.39242745213738,76.58781551886385,63.310183678845,37.43799435837779,46.999165807791364,7.0519209192634325,4.588660016665669,10.17581814397697,18.66022314664012,21.86777605167486,28.39331269095339,35.9338912025378,49.79503506604573,69.39993830688002,70.86360092993908,48.91364884801911,36.0574903509076,27.19346626637141,24.64063985511098,23.621747023130187,23.76070277049652,28.993385531260767,36.99842193785204,35.99339089669245,37.93421055489496,32.483444098476234,25.69377834665142,24.62893192071456,22.227692045263257,22.671671609889415,38.875540281357694,64.94986837501601,64.27270878506741,43.34696506760655,24.7364160258102,21.037328834487347,17.132259178953156,26.290906725104698,68.54153446738354,76.88128294089599,82.46385713054815,91.74211289353741,96.65682939328134,95.13777820082463,103.0427371375285,102.9643041222186,102.02241639381585,100.80085193433828,102.91329351704448,101.20017410641606,102.41366036183246,104.18673354272632,101.64750368716551,99.15565117128196,99.97230097176109,99.18953817101809,99.76432833196627,96.73846044779044,91.03123509692963,93.03997534820546,93.36710539545103,,,,,,,,,,,,,,,,,,,,,,,,,,,,,,,,,,,,,,,,,,,,,,,,,,,,,,,,,,,,,,,,,,,,,,,,,,,,,,,,,,,,,,,,,,,,,,,,,,,,,,,,,,,,,,,,,,,,,,,,,,,,,,,,,,,,,,,,,,,,,,,,,,,,,,,,,,,,,,,,,,,,,,,,,,,,,,,,,,,,,,,,,,,,,,,,,,,,,,,,,,,,,,,,,,,,,,,
bicep_bad10.mp4,0,51.061251248403096,54.79070431780816,54.996517727773686,54.34074361910202,53.82055510122335,54.07719460332787,53.24342607071167,52.183551938625,49.06635533922487,49.326038795854885,49.78283440419108,55.45293228679949,52.24100222254671,43.8880988187963,35.552404627607324,35.39749525887145,26.453999351382755,27.07765933119107,25.306413040868694,34.23657023134146,36.590658548649635,41.111716795471885,44.0302599544402,41.87046177491449,39.76230359416078,40.421586768559365,40.43085161057463,41.52663429670932,40.86808103593622,42.403977111604064,42.5502668578011,42.02865946215832,41.99570312776504,41.35231554415613,41.08695930772401,41.27308345567767,41.19227882725651,41.171529906827956,41.37481112828758,41.51871781041465,41.333091459104864,40.61167439896391,40.34757500971347,40.20775210328008,39.63707397563787,39.646704209795615,39.936350211436064,39.92282314055561,39.37316146405901,40.98143710417069,45.03722081684056,50.86055162128372,52.53590091996278,55.53864400542877,50.60133069846877,52.59119858391984,52.4683028872909,47.437557439714745,42.87837561766895,39.825819751547584,39.27387462603149,38.84502072934438,40.2487374943701,41.8220098258797,44.936816995055196,46.1238084636702,49.14446042142563,46.33811933126665,46.64447953751483,46.7806029740182,45.676276262705464,46.29992693315942,47.475686274274935,50.925025687055566,55.263268213656445,54.552775245395075,53.49919034759773,54.02428638973022,54.00667982699188,53.59104887531338,53.824486209242444,53.278220871620846,53.69484388828356,54.99119054609321,55.591256247684655,56.20775634690492,56.1793011287682,56.89641649591327,57.57158863884678,56.718141458619016,55.53042368436379,54.1959739914737,54.39293528167253,54.37665552442358,52.270209967978765,49.62238521354366,50.965234791670845,50.83583480445063,50.37096054291885,47.15389428034871,54.7498837928172,53.96051278864572,46.373179057421694,39.916581707036805,39.40939039574529,31.3791653248013,30.8636091300793,27.351451781462117,30.4644208842194,28.965985950614858,27.887760154464672,35.054238198675876,35.32010933029844,35.59325905465807,37.295770868155685,36.90291662669323,36.58701283792796,36.4008149303132,36.820097786774426,37.65608641624954,39.05340767993522,39.579394517303335,39.95320178496739,40.56186949584418,40.85940263959196,41.443024039047685,42.07479568460035,42.858095888592544,43.08306424989089,43.08983386279887,43.060954008262144,43.09763286321756,42.642540789022135,41.7266598950191,40.96121247890904,39.227926034399516,38.136706652732705,36.23066109031739,35.007985003048645,35.143389751565,40.20860424026567,44.51666133080506,49.5868444808236,51.80283151570928,52.02811294473544,48.33024689234198,48.76689531962,49.179354594833505,45.70181991979569,45.46099495666384,46.53166414282612,47.34384552336671,45.3950691081854,43.70680013520753,47.12587575874743,51.35548181149534,49.353913114547865,45.1892220435534,45.382327571011395,44.2487285281255,45.17055875467613,46.4944859098171,45.46157402419192,48.67353896422605,51.584200629664295,53.958415915923936,52.97158732412092,52.13852080297379,51.79840896195933,53.10232945756532,51.15266309661287,51.4882133095688,51.43038579729774,52.037870243980606,52.04586687704394,53.05908499733464,53.61464564057183,54.27670591341452,54.928773618398004,55.428518195423294,56.796749536695714,55.883629230393026,54.48690805398349,53.41295675041715,54.75353024853305,53.705849459404064,53.19406117403686,51.80815852149862,52.286641271461725,51.99148708935278,48.51031904193762,47.47324773042138,51.110427626820815,48.68614722346983,43.792032274109495,38.47928331521583,38.23379063882785,33.22174478591248,35.30090989544358,26.931567045119206,29.764642290454304,33.432854768318506,37.33059090054081,32.70585935327912,31.654017789712267,35.13191637114619,35.05520122717234,36.15402346364928,37.52523889315338,38.114878134784945,37.62646921580082,39.85776899760164,40.51513438834237,41.279881577810784,42.243185332412004,43.19398341153882,43.56839890148648,43.91302600090178,43.495900443523766,43.41273431661231,43.776745834455575,44.09990703789441,,,,,,,,,,,,,,,,,,,,,,,,,,,,,,,,,,,,,,,,,,,,,,,,,,,,,,,,,,,,,,,,,,,,,,,,,,,,,,,,,,,,,,,,,,,,,,,,,,,,,,,,,,,,,,,,,,,,,,,,,,,,,,,,,,,,,,,,,,,,,,,,,,,,,,,,,,,,,,
bicep_bad11.mp4,0,57.06002735573145,65.62970480944114,65.6211966661409,64.79141086649354,63.7623438365115,65.14245866953377,63.536897604611966,65.9941372075068,65.85294201891251,65.50128969067067,65.98941944769814,63.5246221645332,62.59028394672903,63.451759581140806,63.40619529908285,63.66569347180027,61.9093390016183,62.37551664805074,62.16442584062713,59.00061481712666,58.27618124908261,52.78326614935427,51.70016222276733,48.30352817572546,48.27524694160104,47.57582824195657,47.88135559441507,42.76531672827913,44.40740384316621,41.46379992865717,42.068002024944455,39.76864948112185,39.301764349632045,39.087053176589215,40.46085347077285,24.118717144234953,24.040501282904053,24.19382468751347,24.19853524797272,19.073804962039844,17.92780884441248,22.025788344580086,22.643000651777474,22.362831121089815,22.556435756358027,24.00201355902355,23.975451395055956,27.451267323794784,26.85503665071363,26.20711777581073,24.863192012092135,28.853035768802858,28.591142959069582,30.196641934870588,32.2996049653291,32.851628297184156,32.89652460370045,32.559690804089655,32.283303274574855,30.850964067593953,30.43303206195265,28.903583471153482,27.349537132720915,25.44982961114583,24.658691143884187,24.67010296292364,24.541060387717124,21.90228542525077,21.010241960414646,17.923261987520554,17.185585156306683,13.804131954076324,12.665670289012596,12.513979622090407,11.68999449457938,10.667884011603954,10.712248887314763,10.994201962083858,16.38102806239475,15.119861550930368,20.038697564009198,27.368172507621072,41.36897414692363,45.97255540758129,48.60786455183342,55.257839302420095,57.506161800656294,56.873063700592326,58.47655395309986,59.86450362107959,60.9041795800201,56.21398961521306,58.00805984585477,59.64402331597341,62.02449855765934,63.49824174896938,63.26714298328996,61.72321676490248,62.46995534800508,67.57712091603685,68.8790254121786,69.0099292008927,69.06415079854922,66.73628160557313,66.49998686705842,66.50073230498579,66.51934027446653,70.36646638811969,73.41442279790311,73.07389933892803,73.36751961615182,78.51622164073085,76.88168330533009,77.85266399197391,75.3660079081475,73.77702396810555,72.77110223897655,68.10425754337527,65.33478154995551,63.97348320347224,63.473477357437595,64.00240662296719,64.04901168979777,61.4185383557663,61.44173528933269,62.033119655653195,62.827561169381404,64.46714434308647,65.04253348166695,64.93328388210632,64.79898443026603,64.24435112661345,64.10526201594939,65.21764570043261,65.69384757238332,61.90049758490257,61.49043758601456,62.954298204569525,63.17003461770331,66.47763799290374,68.1165719684481,68.95246229448132,70.93417350551049,68.97283524410551,67.51807492974817,68.4324007710666,69.16320281377808,63.34782842114842,62.131012638397486,60.56190269197868,61.05678814452432,60.18816624861282,59.333166768342586,60.739355665722684,61.70683626632042,63.00893621734805,63.12189732532432,67.55222408792675,67.67576352498838,68.05604231877642,67.14346849315731,61.80797343544058,60.41926649436389,54.44524931258545,55.5449047827374,31.99259503283718,29.49721529695034,25.273143046868253,25.67426652477234,22.82459933999408,17.73811626507612,15.903643851897993,15.226517529702004,17.46958683036159,12.962381683615375,14.356450773439132,13.798293100707388,12.70143833075873,13.325856362891408,14.086033840118999,17.296152144546298,23.45295798134896,23.15177777916057,19.190750611267735,15.18054703227521,14.827093009369376,14.376922610120568,15.20454433215373,16.417166178321846,15.984945302207167,15.648884311697818,19.259619555326076,20.233166872627695,17.217232075909795,16.341818120578818,15.085765172499581,15.832493858996122,18.340641943637014,19.605121190006052,25.285739580528652,23.649810641285793,28.145838800198806,29.416979797121336,37.30722576896075,45.098511661660055,50.11671918737606,41.83271143962206,58.49514136744923,62.77817116044164,59.398992104241614,55.419540927729784,71.59200501762902,67.66769883834523,66.73059474964106,69.5069272921143,72.85130455953583,71.63197830327645,69.73837675301331,67.91160577792282,46.8041828574571,45.42349574835288,47.99537066153428,46.54554945459866,49.80051465496993,48.806897553353686,49.6572085520233,48.63856033481542,62.01620624344301,62.99962252832189,65.67803551288691,66.35929032431461,64.51350334376214,63.80688845263748,64.71619490573457,64.19053099145972,66.1369532037913,65.04754626952965,63.14241340848031,63.710438736790344,65.11091908243873,64.79194240752196,64.15537082122165,63.6594571336102,63.91758635221295,63.90862630638341,63.56331026799019,64.39724698200298,65.83739789046346,64.69982381468927,61.71394927345511,61.39670958572161,59.30857916818057,59.183533907456976,60.278477591099524,61.133494632234644,62.10882055649914,63.0851626139415,66.03937173636774,65.23913877149907,65.46701093467921,65.82473002216857,65.57030753268113,64.99462142494436,62.97603684311623,62.13193682575839,63.38710859183244,64.12733501320785,65.75065722181242,66.03074043224103,66.19369815099505,65.87946009876372,68.60729288486948,67.9881173076369,67.76390448179502,67.96407540366222,69.20754140165815,69.40509773935193,73.73730162441238,74.54542432333889,72.46668288109483,72.1634999833082,75.9914276579838,76.12907410323483,76.71297870388854,76.32385893702943,68.25358102125237,67.61094259302583,60.04080614550965,55.02759056167017,60.77539430731597,60.097148472316945,65.25781949348811,68.14882207408591,68.6056850524167,68.58359435630658,65.01328459008005,62.2454832024873,34.35929547470022,33.01345904570075,36.08881591769862,38.34999894555144,20.05483884247052,18.79146069440923,19.15690449458761,19.428310468129443,18.574169128721636,17.78457815500703,16.9850025269475,16.784696830067507,16.377486362826183,15.751554660347253,17.510514850816467,17.368721862215054,15.007114305191315,13.406838759058768,15.93795534776835,16.063829127238385,15.296189490748041,15.498037896774633,15.187732209172797,14.097598483581756,10.810405303234988,9.236011390217552,10.290655100862685,10.761352385070566,11.476152746879322,12.26244188056493,16.821813625881283,18.406251550711364,13.533714625688061,13.401960218743785,14.358188483720186,16.055667466051325,17.641174966187947,17.347562944931592,16.124444894661906,16.700061267851744,21.322886400199973,24.916735742102762,23.699692624619136,23.599048024770454,27.806680946613625,30.5270315321498,36.86159503524104,47.57632691906004,42.40100834649819,37.06642783622427,53.9179356840997,56.87865290253697,56.375145668167065,53.437001166071475,58.23657414170841,63.94137302782678,57.48620482744268,59.941213431428984,63.068379155827735,59.771366694074715,60.760614894464794,61.01456547289232,60.91475069430192,66.2682730128613,67.17579037533964,66.73201012547311,68.8465753473789,66.58702356229419,65.10364303139403,64.35677296054652,62.018037103265954,61.48495577874369,60.323458942870495,59.78276563849651,59.957503276484076,60.12044288450927,60.46520163838106,60.39753302282591,59.83239303788208,60.17978578123829,59.79117390187329,59.397483111754646,59.21884301903656
bicep_good1.MOV,1,50.70997312169333,70.70237261750091,75.2816236559901,72.04814758038181,72.23975697040291,69.5509703634954,68.0324066595922,67.76743037846356,70.53516627241366,69.74195239575212,69.14616705767848,70.69086324070838,74.93206908571297,73.93871555082353,73.30652367019395,73.58844561664925,72.94407255514027,69.76372244852413,66.14204068466705,63.8417644756697,60.12417559985418,56.236271185472226,53.65976014342015,50.690215767295065,54.0826539617286,46.0617858462819,42.087411648352486,44.3301289065967,45.83412968200104,49.21001684006043,60.06842806475192,58.99294464020402,46.332149711214285,45.73813145146492,43.45692301113688,41.210656908855775,36.0271752150411,27.352921883066816,26.88696074664646,24.472575411046755,24.47330265882606,32.71011853920088,31.368821186619723,22.951468962566455,23.511490560479242,21.805979867192377,20.548787710087513,24.921860507037273,29.294071025402232,34.81079196034737,42.43491246063906,48.41618865979406,48.696819883092274,45.67856234771628,44.00146800413923,39.147754118570916,36.26477095112967,38.654075459674004,45.412508647673526,45.16797352684868,48.36644552207017,53.50580112294053,55.0663695307043,56.09873137260725,59.897410583043666,62.24908288640908,59.53508915880096,57.933782007344625,58.082134882842865,57.57277351533677,60.798723531564725,62.49251134356083,63.30991934290911,64.67228533347735,,,,,,,,,,,,,,,,,,,,,,,,,,,,,,,,,,,,,,,,,,,,,,,,,,,,,,,,,,,,,,,,,,,,,,,,,,,,,,,,,,,,,,,,,,,,,,,,,,,,,,,,,,,,,,,,,,,,,,,,,,,,,,,,,,,,,,,,,,,,,,,,,,,,,,,,,,,,,,,,,,,,,,,,,,,,,,,,,,,,,,,,,,,,,,,,,,,,,,,,,,,,,,,,,,,,,,,,,,,,,,,,,,,,,,,,,,,,,,,,,,,,,,,,,,,,,,,,,,,,,,,,,,,,,,,,,,,,,,,,,,,,,,,,,,,,,,,,,,,,,,,,,,
bicep_good2.MOV,1,53.45872856424111,65.12894024106771,68.4414038210655,71.38056128755646,72.40322924766959,70.64689890231904,68.11237286082151,66.64046178194158,69.28561828900213,70.0914542619082,72.44221124442498,70.65236068435166,77.81335258475858,79.51559972274535,75.81367914638926,76.62028423984023,72.66746903462908,70.58691720648376,77.05426090480036,77.4332770418044,95.09788533086602,101.0098963696418,98.85776175841671,98.12407025272933,102.97297378367372,104.52390620834377,106.5445498188014,107.99991122462286,111.36407728372366,112.31578660984088,110.61597547242101,110.25973225965932,111.22091007686747,110.6467383886518,108.95398719197786,109.2877733434281,110.21585218330887,108.28052160695557,108.16830364356456,109.03704938854129,107.28999837204843,107.61006218697489,107.69622516331115,107.8767228236576,108.45884501524309,109.51069996407267,111.30672297790703,111.82431176951422,112.38308003338933,112.98974066064164,112.40822728074421,112.34805224689785,112.20931312097169,112.12095804999417,109.0709966434855,109.08454007677278,106.27404130235261,106.65304106542688,105.06913214780727,106.07549850996628,102.75623370024238,101.30124818885135,102.44012988916899,103.30852653825102,103.40055900907628,102.95985961032918,102.11654371147121,102.33694971666924,105.22476563315345,105.47658053659954,101.96912368444637,101.05621030094241,101.56978003225055,101.69606472578103,103.46338457388546,105.55383251956694,107.31556924260885,107.88586785746817,105.59596349051716,103.63910176374938,107.1661001164593,108.4522743159614,106.4077787151629,104.58866621959521,102.54953177515868,102.39719685400708,100.76817684205244,98.61908359632776,94.81283967200139,98.45109588278036,91.1412180647976,86.33238177865846,86.28885338757672,83.73755837965204,74.07043033871686,69.92057228516728,75.79833841139995,80.52999833055247,110.5428297149211,106.84341331627276,104.5637200700915,104.2502312196263,105.85508893226068,105.75826601164579,104.82630080130386,104.4649481650125,101.83998394438208,101.8127068397947,76.65420073012642,70.16508627164643,59.31540796080285,61.70034708065387,64.08107708160769,65.44501916790487,68.21103410780492,67.68765470969946,69.60469692634672,70.89684391347699,68.92841122005343,69.54712505414292,69.52486286134369,70.75075436409506,74.59163607685116,74.95682527507287,73.32636356187014,72.63440902007414,72.21739072098497,71.86255848713543,71.50155113085667,71.45094140112813,71.45315817971323,72.58184558453941,71.49607224424533,71.66010944364295,72.56729570331011,71.86195777858285,70.13267367876017,68.93629792145641,69.68488233073529,70.06628161800913,70.22056075219544,70.2016758219235,68.11163796301909,65.8463144982831,67.93093229766897,68.86245252015586,72.78352941525775,74.94052617305358,75.63451064373785,74.70025060751159,74.42287496874685,74.68123586953783,74.67711162882003,74.35863963303645,73.0896417879228,73.4692705381404,71.7392959283029,72.0237943199583,70.66433909144645,69.38818083576044,,,,,,,,,,,,,,,,,,,,,,,,,,,,,,,,,,,,,,,,,,,,,,,,,,,,,,,,,,,,,,,,,,,,,,,,,,,,,,,,,,,,,,,,,,,,,,,,,,,,,,,,,,,,,,,,,,,,,,,,,,,,,,,,,,,,,,,,,,,,,,,,,,,,,,,,,,,,,,,,,,,,,,,,,,,,,,,,,,,,,,,,,,,,,,,,,,,,,,,,,,,,,,,,,,,,,,,,,,,,
bicep_good3.MOV,1,36.596714491702734,55.0659698771067,52.1662076394341,51.14744048271451,53.367277999430485,57.215026116062184,60.441914485209686,56.148637614071255,55.41514663040081,50.0713582803408,46.237133806700406,40.10255962915326,33.67799507453033,30.385535249636472,23.214973394172993,21.307854448407248,23.19709071254734,18.38216284510279,10.87046947742473,4.551684038013724,25.06129121986497,15.045076707513127,15.122343794296953,14.761437774882502,1.2132434411384034,5.270076451449827,5.059898029801446,14.896272722668726,13.053143932324469,17.276438907013713,29.44451331408475,35.744629123846735,37.91051917386072,39.76213336819649,40.26054349461917,39.53700242562706,40.56150449063963,45.31007228359901,46.13918140984544,48.37602977920653,50.42851668725992,47.02904540451546,47.875482676343005,54.53696373953479,52.641650473510666,52.00637625568885,50.28057067452314,47.37063544779875,40.366967340709685,40.25950888371791,42.094851060063554,46.27452470306486,47.46638440181299,46.811497255617105,43.54405511605893,55.40503469361306,51.78135539473839,50.12417076311893,48.165247440232775,48.22898076725412,51.844643538487375,52.57578636136191,54.893924134416466,55.266885913383916,52.41144970111842,56.77344420479654,59.31775427271908,54.84726394488808,44.54764098615821,45.12382838982458,40.8531479826014,34.06361881407998,23.912010674795905,15.74198104088316,2.2580377347257365,1.7288704774735772,3.4137483740289674,3.32254361027553,3.0580744905742443,2.6799966385326006,,,,,,,,,,,,,,,,,,,,,,,,,,,,,,,,,,,,,,,,,,,,,,,,,,,,,,,,,,,,,,,,,,,,,,,,,,,,,,,,,,,,,,,,,,,,,,,,,,,,,,,,,,,,,,,,,,,,,,,,,,,,,,,,,,,,,,,,,,,,,,,,,,,,,,,,,,,,,,,,,,,,,,,,,,,,,,,,,,,,,,,,,,,,,,,,,,,,,,,,,,,,,,,,,,,,,,,,,,,,,,,,,,,,,,,,,,,,,,,,,,,,,,,,,,,,,,,,,,,,,,,,,,,,,,,,,,,,,,,,,,,,,,,,,,,,,,,,,,,,
bicep_good4.mp4,1,50.62686379728066,45.04814661187771,43.45265732864655,44.02399318413649,49.46533893793338,51.25518543502003,52.92994483788592,52.764690758713115,53.67978654139375,54.14498277512065,54.07324939820837,60.10833992255216,55.91450255893342,51.718324161433856,48.11108462326097,59.00178983614343,49.28007714853316,40.22811561024977,35.43142828851204,41.3635690158528,46.73622371899967,62.44157122197846,55.08009236265617,52.47290054537026,79.22372579039522,84.0608671492687,84.82954878814944,89.3735306756813,98.92540840557707,98.98131644095993,95.52866060512065,96.31456475315883,99.33665824085672,99.79014244116564,100.10971969418281,101.19271416825318,101.11296534500104,100.52113434648994,100.96989182367375,100.83033584650599,100.44002343045786,100.2410519949387,96.426218300309,95.6640304975597,90.65105396779722,87.86663471197464,81.45218563741282,78.14552820646134,86.27338979461393,87.6836140825381,73.6518519341995,80.43433538806106,81.42540442303506,70.95071671270348,72.27947388958644,69.91177700525667,71.65678000084661,71.3882863076377,64.42463747867409,58.37366444399579,60.46994871213589,61.38725345325759,61.53829948030652,51.77026257781007,50.6525793557294,43.35320970865357,47.385891217703936,48.68046501587175,49.234631491938636,55.1634796018308,52.934241122112866,53.971443914172305,57.55235115814516,58.31988567177859,53.438545428249526,40.83944129880479,41.71302714916146,42.56622262402656,52.02202849409343,55.55976609775473,61.319743919912355,68.15114761899224,69.98946188239128,64.7398204578666,64.4364386352311,62.346331409518044,58.96067917565607,58.74055009335139,61.509977115255595,56.55309205043259,58.61504408758825,57.23266715369854,55.73371461934889,55.11351147607173,52.44418872738734,48.065663710535425,46.604043014381965,46.18830241521709,43.6407560733722,42.091306161999476,38.90782582890136,40.23357166505508,38.44799496973555,38.21227080173085,40.35162242280664,39.910192181639616,40.36941635094017,41.243174375396045,,,,,,,,,,,,,,,,,,,,,,,,,,,,,,,,,,,,,,,,,,,,,,,,,,,,,,,,,,,,,,,,,,,,,,,,,,,,,,,,,,,,,,,,,,,,,,,,,,,,,,,,,,,,,,,,,,,,,,,,,,,,,,,,,,,,,,,,,,,,,,,,,,,,,,,,,,,,,,,,,,,,,,,,,,,,,,,,,,,,,,,,,,,,,,,,,,,,,,,,,,,,,,,,,,,,,,,,,,,,,,,,,,,,,,,,,,,,,,,,,,,,,,,,,,,,,,,,,,,,,,,,,,,,,,,,
bicep_good5.mp4,1,32.50643649388312,32.01240449071642,32.72467412618949,35.183851669152624,33.80197834501068,33.69557378494839,34.90839498393701,37.0273080815563,38.92196404728589,36.62859043009983,35.04546923434375,39.84123783946848,37.24337769253159,59.42335356660571,80.59653039563405,67.29004121555944,66.15949795115354,53.44635365343117,55.92328668130676,65.06407792662894,70.23818846939807,72.73595589807441,78.68723789292335,76.69815495771856,76.12391717480692,74.50453752080422,77.11474039363989,79.01692020999083,81.19589522090756,81.227151464049,80.31027572234709,78.07039643855563,76.17093314499016,73.03489985957232,72.82855202402125,68.13473746698615,70.03429714019003,65.50351330139667,54.91186906989487,47.708508753063484,53.73053372794009,59.499243224995276,57.0347765258485,66.65317190249519,73.27788343258396,64.70649899014916,61.84974884556155,52.56050460487623,45.3814732229929,37.67793257869212,31.65633427851815,30.837628978171303,26.521133096477723,32.762635094739935,30.081841581650103,31.4256055839935,25.21217762107452,29.422782287577807,29.401611403821263,30.23664556715615,33.312852111927036,33.16011491139112,32.99365827619399,32.49884142978823,32.09929268511595,29.52405014468242,30.97549647496585,28.754753957973087,29.61767602252958,29.34711152486734,28.729418585719788,29.328229799867927,30.288039211609007,31.39244200666003,32.37702688001586,33.05515839190521,33.467618889574304,34.252648431130936,34.20666485092331,34.993449655564916,36.2353576986046,37.98023128274532,32.548970132955475,30.925919524534798,28.13057867880065,27.507204124078942,28.357446253251148,34.6233563228783,57.089304167392406,65.71101375564093,54.10817954725308,57.81295767908302,49.16081099632157,55.80352175720738,60.972352427526836,68.45635554645126,78.46669082978926,78.42842654179519,76.40054648113855,75.0200414858668,74.19384776367528,73.80396420644668,74.60930585902099,82.51354306409337,87.5308504668797,83.55249044286025,78.9000469711374,77.79465462622616,68.66475519166806,69.17902286977522,76.51578890886718,74.30247091140886,72.03472185149708,58.18186409905592,55.87023653788305,49.68485986040828,42.32995321012635,40.387340726813356,42.88377322502892,49.9840833842513,61.34728820969419,50.49459752880596,49.32308246172508,37.511692255993204,38.45841155610647,33.792213581768934,28.133414106111264,26.157985382159296,26.445225439269947,29.682510034659707,31.695926686945846,33.01730109013432,33.052567149237404,32.788293038016526,32.83912101894232,31.3269653084341,33.3414016566264,29.858558289440055,30.87673423742022,29.449726832752404,27.165002594692293,27.367298175953245,26.13753572102569,28.889322790124254,29.418372302192854,30.672190846586556,31.52066930810578,31.417607945110024,31.238056315886045,31.775085207153438,32.19155102481942,32.99588040637163,33.69842764671361,35.26286499269181,34.77962816487367,33.97477427232008,32.885533505505755,30.501746577235256,24.968660047936332,33.26707296900175,36.600855998633705,37.48551990028166,48.24742895927772,76.14074965017704,57.4994406546368,54.74504902578856,52.460880957797244,49.78405079901661,47.97085821968168,48.924058886059804,64.27232444393282,77.73290685300071,79.6413077938759,82.69212548013532,79.0394268145474,77.23620721773352,76.21890536038227,,,,,,,,,,,,,,,,,,,,,,,,,,,,,,,,,,,,,,,,,,,,,,,,,,,,,,,,,,,,,,,,,,,,,,,,,,,,,,,,,,,,,,,,,,,,,,,,,,,,,,,,,,,,,,,,,,,,,,,,,,,,,,,,,,,,,,,,,,,,,,,,,,,,,,,,,,,,,,,,,,,,,,,,,,,,,,,,,,,,,,,,,,,,,,,,,,,,,,,,,,,
bicep_good6.mp4,1,48.30932637541436,50.343787917765205,49.97810910180741,48.424735214398844,48.10430128146948,51.73934539864532,47.70432217005735,43.57756012588898,34.620838732811535,32.49803269115195,25.662129290833143,18.90920686213759,14.897767929771975,14.57191083254669,14.858195504993239,13.892201122728538,13.244298723929163,12.795173328087111,12.699520394661526,12.204421216097076,10.896436193774464,9.528745173644163,9.000230256473902,9.341613091750858,9.823251705402155,9.621029991834025,9.256256608224323,9.008101779103084,9.15963624160927,9.042435985222195,9.069891075794072,9.176793027090728,9.234364691317463,8.696736718385923,8.645915258299738,8.783880792259028,8.757656259305003,8.152289075804502,9.141265445026397,10.93451128593084,12.999263800904224,13.720544673380335,14.333344267148869,14.788845940477573,15.457068182781823,17.694279927813543,27.41527286181681,31.126873959522108,37.41371445843011,40.08935976618398,44.669184441590616,46.10001165654228,47.76879613082341,49.00719290665745,50.98425338223129,51.176112952091884,50.6850910105547,51.92111514357416,54.49989996762207,55.01905501346417,55.829999037611174,54.18101727170771,55.083164508859994,56.21255008916395,55.47848628151561,55.055352078780096,53.514974216850106,53.34309296875198,53.244811210483434,52.42593389856289,53.516664531724444,52.678957011128965,51.692974606067125,53.14357372801444,51.98266178020809,50.12259000356852,49.71387845852917,50.62317494046899,51.784406879974476,52.86586717003304,53.035459309046935,52.90735825854887,52.67065059280849,51.93198865842843,53.15380781261681,54.94016902164788,55.17029388933558,54.6750974686169,55.48764642860424,56.19019020872119,56.33229132702824,56.902755400727806,56.64880119888694,55.6853751135192,57.590968541261034,57.40506591315017,55.119088018184364,55.7400801426956,57.11874058121027,49.53750012955003,46.61757950120652,43.08334806520633,39.76662719202552,34.22214435598336,27.099957975906257,23.157145132934655,22.16316344728377,22.502349326418205,18.890707656561943,15.477594370039899,14.619440127965868,13.767997672979623,13.074010557315427,12.376953144343153,12.464843853435548,12.50133731855217,12.271700538072755,12.277142472399317,,,,,,,,,,,,,,,,,,,,,,,,,,,,,,,,,,,,,,,,,,,,,,,,,,,,,,,,,,,,,,,,,,,,,,,,,,,,,,,,,,,,,,,,,,,,,,,,,,,,,,,,,,,,,,,,,,,,,,,,,,,,,,,,,,,,,,,,,,,,,,,,,,,,,,,,,,,,,,,,,,,,,,,,,,,,,,,,,,,,,,,,,,,,,,,,,,,,,,,,,,,,,,,,,,,,,,,,,,,,,,,,,,,,,,,,,,,,,,,,,,,,,,,,,,,,,,,,,,,,,,
bicep_good7.mp4,1,27.188628835316987,32.03620862425051,31.93791257375378,30.62374441234343,29.535151238813754,30.26052684496353,29.97536416930667,30.189857966414255,31.266135288399518,29.79486996859367,30.192440913043267,29.883604277766956,28.370727989888803,27.600711596759666,27.59070252606996,26.779615461985294,25.28496026596835,28.21344665884925,29.308578078227278,30.733071754000896,35.87559953620941,36.5907102527014,38.53224700923104,37.75899280377181,41.15426533551176,41.544979348496476,42.77394735089585,53.28958564778084,58.09182192801133,55.77717683491945,55.26512270213502,53.53224856720772,52.992226764536,53.64631546163085,55.19135928273644,53.6065239534389,52.63828626464457,53.853701480083245,54.11790016336377,55.895704442004934,56.93179990295645,58.52105319178382,58.532734398457265,59.06556333002456,59.821471375871624,57.776183834192935,56.88426324896045,56.05007648482771,56.61948367309579,60.30584071847364,60.81083326593647,62.784822107037876,61.085188884120434,61.91256794819423,62.429802806383336,61.70239005015778,63.768398546526804,63.682384415546956,64.8608740844926,66.76642471559347,66.01680035468306,66.30126609737137,66.64496343580089,65.21022201731411,64.36511861969532,67.37717374171538,64.91470970282707,62.526569789320305,62.51809484151663,61.804532063636046,60.76485409705268,61.95564841073194,63.32282232347047,63.91815428292215,64.18811471373097,67.64119554162838,68.14922031398086,65.14072680527505,65.03729883318246,61.752024283128605,60.12070357696039,60.40367446408642,60.90633994653781,60.698910984453626,60.91333553849453,60.886631115179455,61.288857612920076,61.12971253848144,60.83437447560941,57.107980635419075,55.03685215551873,56.19014227930468,56.959925627844136,57.37787115933604,62.30432986597485,64.38853155199573,64.0099914441623,64.3381356953509,65.09458142283204,63.11377806375836,61.412570416962254,62.418774758129,64.26208182101198,64.43387448350636,61.76416142411551,61.552065057796035,60.539469046670696,56.34489033086293,52.849529344739516,53.79283784971193,51.36432128253619,52.385976177030905,53.004517391236654,53.09356284544326,54.043134900933644,54.32235428596865,54.35452044136694,53.961390290918125,55.62787453567751,59.78490151436969,60.365328923056325,61.59658854463571,63.04423929750429,62.72156762448628,62.553478723434274,62.97115530517164,63.15332654226982,63.1511565390705,63.571381551695545,62.37993066138058,60.85635844702519,60.62567494055936,59.856812547902265,62.13592842024727,62.480242802578644,61.23446779151639,61.52974672674821,62.284457021196026,63.811720040192284,63.300847909354125,61.115261959281135,57.12034161941368,62.04225643761857,60.88763070573951,60.36328366870393,58.24041852094041,61.548891337412876,63.88497918538232,63.210765140964035,64.92497403259368,64.9775392026375,62.846590330746736,63.76492330781647,59.43116266172292,55.05284883194744,55.13829872617328,54.917908949041426,55.65672131620492,54.31713437782883,55.95617751081219,56.527776489532755,54.86304595554102,55.43405349017673,52.178254821167975,51.98364041258048,54.45393971964941,54.90781518515448,41.62889260809205,42.821834062804975,47.249409613614944,45.694037721000704,45.34963474875185,43.43581159423439,39.51477465474341,39.983406897461045,33.902024793533066,29.44260063098491,29.408344379911693,31.793514534125492,30.129713720477845,28.287162876975056,29.55788478328845,27.986506438294864,28.73870939509323,28.66370174374094,28.187044005713805,28.682141577030208,28.491176095422254,27.079158138453188,27.951346371972548,28.385151828044553,28.144992249180266,27.614772840436487,26.735634289679478,26.595088461482842,26.220515858875224,24.97738270925831,25.244200522891507,25.65502478080032,26.680717555229823,26.86248814957478,28.137298209373277,27.724524409781875,27.11588164556072,27.01014818246395,25.44635759043738,25.018322161231836,24.85991157350217,24.28982064680371,24.562790970558613,24.574780265219182,24.20702845443947,23.834522224681645,23.617759681932142,23.33968264244876,26.8648946355218,27.724947765169567,30.98796181702998,29.180407677902995,28.29620023545833,27.747603518005633,28.637885513448033,29.004581686363764,30.352171358060758,30.856155113096207,38.18566868223204,38.02618919168667,38.30251413093441,38.71699593529819,38.309443222946776,39.21179423974802,39.99223730243767,41.569696220035866,45.65562546534923,47.99282235093756,53.314587450894386,54.17781451006202,57.67818223153357,58.40008465927416,57.87601501426481,56.085564901375946,56.03394405870874,55.25749581413463,55.66772006078566,55.90746170127281,56.26779870986496,55.861118644862195,56.44666689855177,58.49267817627177,58.05043853578917,58.239755618506784,60.99136148301127,61.898772123776105,62.03265504912084,61.291881488425375,60.07182674140163,58.69041947303061,56.967866135565906,57.16112833721869,57.79422956556949,58.28161248507066,58.86316470258208,58.50846216446987,58.43990284517561,58.222759765115846,59.06566561457426,60.06788735155896,59.52285234823975,59.22159410961779,61.19926752070298,63.090923789116715,61.68115703060408,60.79908316133544,60.53982848685919,60.51912947297313,62.828301516183664,62.521946391280196,65.85231623355024,65.3422352757908,63.49003070598173,64.12028573978114,65.16495139589614,66.51036644092406,65.92263988027052,64.89545206134815,64.62929544507912,65.38132523369292,64.91912621598733,64.79087495093246,66.34996561147624,68.10941552113422,68.03230697270665,68.20940659468489,68.29713057727425,68.40293083534837,68.22774436009378,68.19973903481545,68.24338818564944,70.07798735242258,66.55250909805972,63.42675015712058,63.507679078358514,67.15161946665667,64.99535816110067,65.47531974340313,65.73728157733984,65.76836374933667,66.34897169901257,66.27767883698971,66.64138630582815,67.29764442789522,68.11414090733523,68.32757092381308,67.79510225765736,67.43137719592195,66.65711467339064,66.18386240734146,65.74417240559518,,,,,,,,,,,,,,,,,,,,,,,,,,,,,,,,,,,,,,,,,,,,,,,,,,,,,,,,,,,,,,